IGN,Race,Total Level,ID,Server
Reinforce,Female Human,56922,6221,Mari
Jelly,Male Human,26520,6230,Mari
liberate,Female Human,55305,6563,Mari
Rook,Male Human,32633,7528,Mari
Orca,,,7842,Mari
Michi+Mari,Male Human,60517,9411,Mari
Aquwin,Male Human,54422,9497,Mari
tommr,Female Human,52278,9709,Mari
Aira+Mari,Female Human,23211,9967,Mari
rob,,,13034,Mari
Leon,Female Human,29393,13113,Mari
Timx,Male Human,30173,14731,Mari
Xira,Female Human,35208,19846,Mari
Lolli+Mari,,,22295,Mari
Jae,Male Human,60753,23675,Mari
CKMo,Male Human,23307,27776,Mari
Lacosette,Male Human,26550,34143,Mari
Squallion,Male Human,893,34453,Mari
oumaru,Male Human,26033,37762,Mari
Sped,Male Human,54066,37927,Mari
Pikku,,,48644,Mari
Jiuhin,Female Human,70620,51410,Mari
Eruruu1111,Female Human,28437,53941,Mari
Lostpridez,,,59685,Mari
Grimmiers,Male Human,54694,59693,Mari
Lucario,Male Human,41264,60853,Mari
Xennathos,Male Human,25580,62275,Mari
Quickfox,Female Human,32727,63839,Mari
Mikenno,Female Human,28769,64530,Mari
Tsukkii,,,65251,Mari
Bakababi,Female Human,3477,68816,Mari
Goldwing,Male Human,61478,71305,Mari
Amoru,Male Human,32406,74484,Mari
Ashirai,,,80322,Mari
Seiyonce,Female Human,39505,83913,Mari
Arogya,Male Human,54313,88647,Mari
candeelea,Female Human,10334,92837,Mari
Ceterra,Male Human,45266,95379,Mari
Triggerbell,Male Human,24508,106029,Mari
Zedro,Male Human,35630,116028,Mari
Emmy,,,122403,Mari
Rozzy,,,127324,Mari
Sinnerangel,Female Human,50308,133924,Mari
CIoudstrlfe,Male Human,17724,139634,Mari
Flir,Female Human,54960,139744,Mari
Hundreds,Female Human,23584,139757,Mari
Smelly76,Male Human,3481,150653,Mari
Mito,Female Human,48385,154020,Mari
Jugi155,Male Human,20767,154404,Mari
Lovingless,Male Human,23564,163207,Mari
Lunaleer,Female Human,27633,165130,Mari
Silverluna+Mari,Female Human,1277,165163,Mari
Thran,Male Human,32446,170750,Mari
Gameover,Male Human,52202,172246,Mari
Keppler+Mari,Male Human,5806,176011,Mari
Lynea+Mari,Female Human,23763,176907,Mari
Clappey,Female Human,36985,186989,Mari
Kairia,,,190355,Mari
Rioske+Mari,Male Human,21314,196250,Mari
Sayari,Female Human,45337,197066,Mari
Xzuu,Female Human,22842,200468,Mari
tyonne,Male Human,25198,205160,Mari
IEmily,Female Human,30068,206637,Mari
Brahfizzle,Male Human,58085,210097,Mari
Yuiko,Female Human,98972,212661,Mari
Tiffen,Female Human,29370,212819,Mari
Blackseig,Male Human,102023,213470,Mari
Funkay14,Female Human,23770,215552,Mari
Kiyoura,Male Human,60445,229038,Mari
Daisu,Male Human,38617,232650,Mari
Akitoshi13,Female Human,6974,235103,Mari
Chiya,Female Human,39793,241178,Mari
Nindri,Male Human,56253,253254,Mari
Akkedo,Male Human,51747,253485,Mari
Rannkun,Male Human,14120,259201,Mari
Xavey,Male Human,49488,259362,Mari
Wish,,,263083,Mari
Happysmile,Male Human,24160,263210,Mari
Blulectric,Male Human,33036,272283,Mari
Lavi,Male Human,29573,275166,Mari
destinyazn,,,276215,Mari
Papaya+Mari,Female Human,7536,287258,Mari
Arumachi,Female Human,7673,287739,Mari
ZXHiryu,Male Human,34796,291916,Mari
chaylam500,Male Human,2498,292052,Mari
Sajang,Male Human,22660,309144,Mari
Apathetic,Male Human,21798,309239,Mari
Hanjiookami,Female Human,16121,309722,Mari
Cenedra+Mari,Female Human,15162,310102,Mari
Brawn+Mari,Male Giant,63150,315363,Mari
Groot,Male Elf,57451,316871,Mari
Wheretogo,Female Elf,53038,320601,Mari
Ouroboros,Male Giant,48007,321638,Mari
Sphyra,Female Elf,61819,322170,Mari
Titania,Female Giant,44952,322792,Mari
Hanscel,Male Human,5662,327285,Mari
Vaelissa,Female Elf,25400,330465,Mari
Sushi,Male Human,49841,338409,Mari
destirio,Male Elf,420,343099,Mari
livilu,Female Elf,293,353100,Mari
Nyx,Female Human,15491,359464,Mari
Shorty,Male Giant,42318,372319,Mari
lilentjoker,Male Human,47064,373855,Mari
Skai,Male Human,12295,374208,Mari
Droobie,Female Giant,42070,376705,Mari
Meyki,Female Human,40539,378233,Mari
Broheme,Female Human,30566,378748,Mari
Einhart,Female Human,22720,392623,Mari
Guappo,Male Human,28477,398526,Mari
Babylucifer,Male Human,24361,400865,Mari
Erumiana,Female Human,38402,403090,Mari
Gigainferno,Male Elf,45994,404251,Mari
Machellz,Female Elf,23430,404562,Mari
Nexx,Male Human,25095,406840,Mari
kyaptan,Female Human,27390,414539,Mari
Silana,Male Human,56298,416931,Mari
Juntaekente,Male Human,44461,416944,Mari
Lunethstar,Female Human,24657,422873,Mari
Hyoryusei,,,432006,Mari
Rimuru,Male Human,25083,447875,Mari
Matthew,Male Human,31121,452480,Mari
Marielx,Female Human,28093,458502,Mari
Hringulfr,Male Giant,9017,459603,Mari
Veezo,Male Human,54485,470041,Mari
Angelsora,Female Human,1352,472883,Mari
Jianfeng,Male Human,3017,481388,Mari
hellmarik,Male Elf,27060,489056,Mari
Okarni,Male Human,9514,504517,Mari
knightone,Male Human,75752,508291,Mari
Muaa,Female Elf,76778,515580,Mari
Tatsugi,Male Human,70081,525376,Mari
Mokkori,Female Giant,21449,526127,Mari
Kagamichu,Female Elf,24438,526832,Mari
Noss,Male Human,76825,527880,Mari
Toukou,Female Elf,31895,537546,Mari
Water,Female Elf,8041,549782,Mari
Swifttempo,Male Human,23783,564499,Mari
Fluff,Female Elf,12390,578833,Mari
knightrio,Female Human,49563,597571,Mari
Karron,Male Human,31505,600228,Mari
Kazu,Male Human,41112,602800,Mari
Zlho,Female Human,21012,616637,Mari
Kitsuchan2,Female Human,20815,617206,Mari
Nirav,Female Human,55940,628455,Mari
Zaelia,,,642214,Mari
Kuranekaname,Male Human,51207,642600,Mari
Kikikate,Female Elf,26828,646056,Mari
Squeakyducky,Female Human,20358,653935,Mari
Silently,,,656391,Mari
Mirorie,Female Elf,30577,661490,Mari
Shavambacu,Female Human,50000,667269,Mari
Xanderys,Male Human,12177,679672,Mari
Mrjamaican,Male Human,64545,698475,Mari
Ronu,Female Human,42540,702549,Mari
Enaria,Female Human,33663,737986,Mari
Snowwy91,,,742250,Mari
Draftwind,Female Elf,23019,749311,Mari
Entail,Female Human,6572,751130,Mari
Yuechia,Female Elf,59032,753033,Mari
Dabrobeans,Male Human,3439,755146,Mari
Nobo,Male Human,59599,767172,Mari
Pillow,Male Human,53048,767964,Mari
Rurukiochan,Male Elf,402,782191,Mari
Raeon,Female Human,33664,788527,Mari
Yukishiki,Male Human,65614,794825,Mari
Kaitimos,Male Human,31017,799302,Mari
Senhimesama,Female Human,67287,805700,Mari
Massive,Male Giant,34657,806285,Mari
Beastywordx3,Male Human,5700,809999,Mari
Wahuu,Male Human,34683,815152,Mari
Leonmaster,Male Human,12678,819990,Mari
Arilu,Male Human,3971,861131,Mari
Worra,Female Elf,34004,880157,Mari
Cep,Male Human,7342,890464,Mari
Beansie,Female Human,49372,891458,Mari
Outraged,Female Giant,17634,898391,Mari
Fayewind,Female Human,33293,907061,Mari
Soap,Male Human,44346,910088,Mari
fishinacup,Female Human,34601,929397,Mari
Donkroxa,Male Giant,39424,933523,Mari
Saskia13,Female Elf,26481,943074,Mari
Roi,Female Human,23479,956588,Mari
Selzyr,Male Human,20994,971280,Mari
Giegue,Female Human,41647,978284,Mari
Henyuu,Female Elf,48860,979110,Mari
Luciel,Male Elf,50629,979694,Mari
Immafish,Female Human,2900,979810,Mari
Ace,Male Human,50000,982009,Mari
Sarcia,Female Human,30556,982585,Mari
Vos,Female Human,51394,988412,Mari
Severi,Male Elf,20749,999020,Mari
Brojeta,Male Human,37092,1011041,Mari
Fenraeli,Female Elf,21073,1052195,Mari
Yvesu,Female Elf,29832,1061245,Mari
Nightslice,Female Human,27846,1075691,Mari
Hotaru,Male Human,20525,1076626,Mari
Bunny,Female Elf,26282,1098994,Mari
vinnyy,,,1101387,Mari
Henneth,Male Human,15286,1107967,Mari
Gooeh,Female Human,24759,1113622,Mari
Darvy,,,1130134,Mari
Nap,Female Elf,13992,1156284,Mari
Freyfrost,Female Human,14635,1160608,Mari
altffor,Male Human,29085,1162221,Mari
Wickedgood+Mari,Female Human,22435,1165463,Mari
Fishybeast4,Male Giant,1062,1183066,Mari
Bouncypanda,Male Elf,16043,1183912,Mari
Asuriel,Male Human,21948,1194218,Mari
GGHermano,Male Human,34163,1194552,Mari
Boyarrow,Male Human,24422,1196892,Mari
Graphic,Male Elf,40882,1200114,Mari
Sanotu,Female Elf,49760,1218941,Mari
Nozamii,Female Elf,21154,1220179,Mari
liagnu,Female Human,1372,1221087,Mari
Nekrokot,Female Human,21615,1225210,Mari
Kaiun,Male Human,31259,1248961,Mari
Koichiro+Mari,Male Elf,53,1256124,Mari
Rainhand,Female Human,24563,1256802,Mari
Pwnygurl,Female Human,23370,1285928,Mari
Niiklaus,Male Human,22599,1292698,Mari
Rainbow,Male Human,59214,1309108,Mari
Bert,,,1314246,Mari
Cptandrew,Female Human,23814,1325123,Mari
Neliel,Female Giant,22428,1342812,Mari
veracent,Female Human,5308,1345917,Mari
Bayleafsi,Male Giant,34174,1357033,Mari
Talullah+Mari,Female Human,17486,1366846,Mari
Veoxys,Male Elf,7410,1383195,Mari
Bugz,Female Human,10384,1383871,Mari
Lulusu,Female Elf,34681,1398996,Mari
Kurose,Female Human,55073,1404484,Mari
Shiroe,Female Human,50730,1407150,Mari
Bazelguese,Male Human,26925,1408044,Mari
Weeb,Female Human,22091,1413570,Mari
Balyan,Male Human,50592,1415293,Mari
Cr055,Male Human,26266,1420390,Mari
Mailacob3,Female Human,74572,1423180,Mari
Izanamii,Female Human,12704,1432693,Mari
kokyaw7,Male Elf,28477,1433795,Mari
Sweetly,Female Giant,12426,1434211,Mari
Arueksu,Male Human,55982,1437563,Mari
Sagato+Mari,Male Human,1738,1439765,Mari
Nepko,Female Elf,27086,1461603,Mari
Wistari,Male Elf,51076,1466831,Mari
Chinaski,Male Elf,45753,1468097,Mari
Maldron,Male Human,15864,1468327,Mari
Chirpingcow,Male Human,3789,1471138,Mari
Lhiny+Mari,Female Human,3317,1472665,Mari
Town,Male Human,18852,1482965,Mari
Asunayuukl,Female Elf,23093,1485804,Mari
Holyloo,Male Human,35510,1497225,Mari
Antheadre,Female Elf,20364,1501876,Mari
Tenju,Male Human,64594,1506421,Mari
Gerikg,Female Human,103298,1511459,Mari
Derpmufins,Male Human,5257,1512118,Mari
Sarnai,Female Human,41550,1525604,Mari
Monika,Female Human,30954,1534057,Mari
Jayden,Male Human,28327,1553063,Mari
Bluevalntine,Female Elf,704,1555591,Mari
Zayla,Female Elf,24337,1599574,Mari
jaydeezz,Female Human,21953,1632128,Mari
Killvmaim,Male Giant,19,1639065,Mari
Sunbun,Female Elf,21074,1639137,Mari
Bom,Female Human,32346,1664612,Mari
Dewji,Female Elf,2893,1679965,Mari
Blueblooded,Female Elf,2864,1688179,Mari
Vershl,Male Elf,6470,1691402,Mari
Unchainedmelody,Female Human,4029,1693315,Mari
Sybi+Mari,Female Human,2155,1694041,Mari
Kyojin01,Male Giant,12352,1698144,Mari
Bromthrax,,,1714013,Mari
Merrielle,Female Elf,25100,1714237,Mari
Bacara,Male Human,23016,1729441,Mari
Nanthaleine,Female Elf,23296,1743526,Mari
Renok+Mari,Male Elf,1612,1753159,Mari
Elestren,Female Elf,23316,1757044,Mari
Maxxum86,Male Human,22607,1770236,Mari
magetsuneku,Male Giant,48746,1783484,Mari
Kitsuntsun,Male Elf,40056,1788498,Mari
Treepie,Female Elf,43756,1797074,Mari
Sirental,Female Human,17892,1872687,Mari
Ghostieboi,Female Giant,33237,1883077,Mari
Lavuda,Female Human,22518,1884026,Mari
Lillychee,Female Human,53258,1905675,Mari
sokkamickle,Male Human,7604,1908516,Mari
Slate,Male Giant,47605,1919174,Mari
Chocobo,Male Elf,75141,1931174,Mari
Matsuwo,Male Giant,46390,1941009,Mari
XXjuuzou,Female Human,65187,1942401,Mari
Syviperwolf,Female Human,42845,1944759,Mari
Baisant,Male Elf,26678,1969379,
Erythina,Female Human,26278,1976288,
gaysianelf,Male Elf,3106,1978018,
ICUNurse,Female Elf,3062,1978023,
Pipeseal,Male Giant,26814,1983984,
Cosmic+Ruairi,,,1985238,Ruairi
planetkeeper,Female Human,22951,1986246,Ruairi
Chise,Female Human,52195,1995190,Ruairi
Semantics,Female Human,51414,2001102,Ruairi
Kame,Male Human,26898,2003446,Ruairi
Nigel,Male Human,465,2008515,Ruairi
Rhianon,Female Human,23008,2010672,Ruairi
Siv,Male Human,54838,2011486,Ruairi
Vossler,Male Human,57880,2013141,Ruairi
Ellixia,Female Human,30915,2013673,Ruairi
Ayamei+Ruairi,Female Human,16683,2021603,Ruairi
Hanasaki+Ruairi,Male Human,3344,2026044,Ruairi
Blade409+Ruairi,Male Human,22142,2028001,Ruairi
Cuchulian,Male Human,21719,2028589,Ruairi
Tigerroar+Ruairi,Female Human,9331,2033117,Ruairi
Gailen,Female Human,27556,2034088,Ruairi
Ask,Male Human,32315,2034267,Ruairi
zhime,Female Human,2237,2040258,Ruairi
Spaghetti,Male Human,32672,2042686,Ruairi
flamegoon,Male Human,25935,2046683,Ruairi
Agonyscene,Female Human,28447,2047910,Ruairi
Oisaeu,Male Human,23423,2049554,Ruairi
Helium,Male Human,22771,2049869,Ruairi
Pneumonyx,Male Human,21128,2054209,Ruairi
Iich+Ruairi,Male Human,23615,2055985,Ruairi
Cokeslayer,,,2060191,Ruairi
Rin,Female Human,32374,2061702,Ruairi
Bandit,,,2066861,Ruairi
Fae,Female Human,50300,2072225,Ruairi
Yonne,Male Human,26656,2072458,Ruairi
Agathe,Female Human,34579,2072670,Ruairi
francie+Ruairi,Female Human,1071,2072873,Ruairi
Fallingchaos,Male Human,25724,2076485,Ruairi
Aaron000,,,2076753,Ruairi
Yugure1,Female Human,48966,2078674,Ruairi
Dorkuo,Female Human,25647,2083922,Ruairi
Veronica85,Female Human,8488,2086283,Ruairi
Linamints,Female Human,22602,2090679,Ruairi
Vyndria,Male Human,512,2091603,Ruairi
Baephomet,Female Human,10941,2094298,Ruairi
Brave,Male Human,55097,2094930,Ruairi
Crimson,Female Human,54066,2102860,Ruairi
Wolfie,Female Human,48721,2107546,Ruairi
HALOThree,Male Human,5314,2108589,Ruairi
missash,Female Human,23642,2109384,Ruairi
tubtub991,Female Human,25545,2111524,Ruairi
Chrissan,Female Human,25228,2113888,Ruairi
Drpunks,Male Human,24032,2113962,Ruairi
Atenchan,Male Human,29054,2114428,Ruairi
Showo,Male Human,37208,2115482,Ruairi
Holight,Female Human,55740,2115633,Ruairi
Landezvous,Female Human,37647,2117432,Ruairi
Hive,Male Human,23028,2117649,Ruairi
Mizu,Female Human,26698,2121924,Ruairi
Shrade,Male Human,33651,2127068,Ruairi
Juxinh,Male Human,25463,2135414,Ruairi
Bua,Male Human,23388,2136038,Ruairi
Fee,Female Human,35287,2136890,Ruairi
Resolute,Male Human,28165,2137465,Ruairi
Ben,Female Human,54004,2144410,Ruairi
Boozebear,Male Giant,38069,2150171,Ruairi
Biggabrudda,Male Giant,45409,2150530,Ruairi
Cleric,Female Giant,43804,2151709,Ruairi
Kasru+Ruairi,Female Elf,37633,2152042,Ruairi
Chiropteran,Female Elf,48172,2152570,Ruairi
Yiane,Female Elf,35948,2154322,Ruairi
Emilie,Female Elf,23196,2158556,Ruairi
Alfr,Male Human,34089,2159473,Ruairi
Giveon,Female Human,40914,2163852,Ruairi
dinsreich,Female Human,21261,2168164,Ruairi
Galnala,Female Elf,20447,2170539,Ruairi
Mrfrost+Ruairi,Male Elf,4510,2180081,Ruairi
Kohaki,,,2182533,Ruairi
Jessina+Ruairi,Female Human,9185,2187642,Ruairi
Synathra,Female Human,32648,2190181,Ruairi
Toast,Male Human,35463,2195098,Ruairi
Huff,Male Human,30783,2197009,Ruairi
Xionic53,Male Human,26441,2198680,Ruairi
Radiator,Male Human,51919,2198859,Ruairi
Kyoune,Female Elf,11381,2199314,Ruairi
Starfirex,Female Elf,22501,2201165,Ruairi
Mazerux,Male Giant,50932,2202194,Ruairi
Rubyclover,Female Human,43546,2206927,Ruairi
Justin2001,Male Human,43970,2207870,Ruairi
Kiret,Male Human,22814,2208534,Ruairi
KuniSin,Male Human,28392,2209961,Ruairi
Daniel,Female Elf,23362,2211967,Ruairi
Viha,Female Human,49618,2212142,Ruairi
Lanaar,Female Elf,37018,2213525,Ruairi
Wilson,Male Human,62181,2219907,Ruairi
Sakanagi,Female Human,32389,2225361,Ruairi
Kad,,,2226850,Ruairi
Ken,Female Elf,61847,2231593,Ruairi
Elisa,Female Human,46562,2232696,Ruairi
ahuramazda+Ruairi,Female Human,22652,2234350,Ruairi
archerofhell,Male Human,27423,2238417,Ruairi
Benjamin,Female Human,45745,2239807,Ruairi
STARIEANGEL,Female Human,25270,2240130,Ruairi
Lalisa,Female Human,59374,2247852,Ruairi
Yuen,Male Human,21660,2248691,Ruairi
Gear,Male Human,51992,2249404,Ruairi
Vanderwood,Male Human,41511,2251110,Ruairi
blingbling+Ruairi,Male Human,7413,2252631,Ruairi
PKing20,Male Human,23853,2263016,Ruairi
Bommii,Female Human,28610,2268281,Ruairi
Nenni,Female Elf,7005,2273951,Ruairi
Hoshinoairi,Female Human,53252,2275207,Ruairi
xsponsx,Male Human,4000,2275450,Ruairi
phantomomega,Male Human,25532,2277781,Ruairi
Milona,Female Human,22839,2279695,Ruairi
Lelouch,Male Human,90705,2287735,Ruairi
eliteacid,Male Human,17618,2289230,Ruairi
Mernory,Female Human,40831,2291498,Ruairi
Schadenfreude,Female Human,33273,2294357,Ruairi
Shdws,Female Elf,25506,2296264,Ruairi
Yumeko,Female Elf,51404,2300103,Ruairi
Meteorstrike,Female Giant,41178,2303463,Ruairi
kkickass,Male Elf,34252,2305966,Ruairi
Ying,Female Elf,8373,2307173,Ruairi
stovy,Male Elf,24941,2308994,Ruairi
Torres,Male Human,57825,2309438,Ruairi
Telixx,Male Human,25351,2311188,Ruairi
Lumina,Female Human,40067,2311248,Ruairi
Kinky,Female Human,25514,2313604,Ruairi
Deadlycurse,Male Human,18627,2316174,Ruairi
Recklesschad,Male Human,26786,2322163,Ruairi
Dragoth,Male Human,50471,2326118,Ruairi
Rehy,Male Human,24674,2328407,Ruairi
Akumati,Male Human,48711,2330822,Ruairi
Keviin,Male Human,54412,2334809,Ruairi
Treason,Male Human,59599,2335454,Ruairi
Thyme,Male Elf,33945,2336259,Ruairi
Tyck,Female Human,47309,2337465,Ruairi
Sukya,Female Human,28926,2340664,Ruairi
Tophergasm,Male Human,23294,2343408,Ruairi
God,Male Human,47065,2354281,Ruairi
Liljakey,Male Elf,22160,2357656,Ruairi
Tekoa,Male Human,42664,2364838,Ruairi
Rikoy,Male Human,50719,2365143,Ruairi
Skyelinn,Female Human,7748,2366192,Ruairi
Omusa,Female Elf,22354,2369428,Ruairi
Derflinge,Male Human,9672,2371235,Ruairi
Gold4000,Male Elf,22255,2372897,Ruairi
Ogre,,,2375616,Ruairi
Deathexempt,Female Human,5469,2381799,Ruairi
Mystique,Female Human,49413,2390618,Ruairi
Tim808,Male Human,21115,2392052,Ruairi
Taikoubou,Male Elf,55995,2392252,Ruairi
Inynia,Male Human,21129,2402164,Ruairi
Naiirim,Female Human,27857,2413257,Ruairi
Sieric,Male Human,30258,2415517,Ruairi
Mahmee,Female Elf,48776,2415620,Ruairi
Princesspeachy,Female Elf,18970,2417195,Ruairi
Sweetcoffee,Female Elf,1941,2418240,Ruairi
Syurix,Male Human,9629,2419901,Ruairi
Methodology,Female Elf,15712,2425184,Ruairi
Metafire64,Male Human,12643,2425335,Ruairi
Tailtale,Female Giant,32956,2429439,Ruairi
Oudom,Male Human,23462,2430057,Ruairi
Ashcrow,Male Human,24375,2430388,Ruairi
Sleepyloaf,Female Elf,12823,2433090,Ruairi
Alphonsekym,,,2434425,Ruairi
Goosederp,Male Giant,12752,2435381,Ruairi
Aldousdrako+Ruairi,Male Human,14558,2440177,Ruairi
Umekiko,Female Human,14590,2441993,Ruairi
Namidanoumii,Female Elf,38634,2442602,Ruairi
Sennari,Female Human,24589,2443393,Ruairi
Xronas,Female Elf,20773,2444160,Ruairi
Koyzumi,Male Human,14804,2444272,Ruairi
Knowlaayy,Male Human,10493,2445118,Ruairi
Rosered,Female Elf,32928,2446969,Ruairi
Kingshield,Male Giant,6325,2448424,Ruairi
Musoka00,Female Human,3892,2449211,Ruairi
Nahiida,Female Human,40723,2450697,Ruairi
Sariette,Female Giant,2515,2453831,Ruairi
Pseudonym,Male Human,43879,2454839,Ruairi
lekitty6,Female Elf,17753,2455726,Ruairi
Lordyn,Female Human,18201,2456619,Ruairi
Pace,Male Giant,23658,2457896,Ruairi
Shadowpika,Male Human,23503,2462867,Ruairi
Mrpunks,Male Human,5137,2465130,Ruairi
Evildark1,Female Human,26548,2465665,Ruairi
Beironn,Male Human,28237,2469255,Ruairi
Zenichibi,Female Human,4491,2480525,Ruairi
Ashes,Male Elf,43299,2483253,Ruairi
Kittyhugs,Female Human,6431,2486054,Ruairi
Sunson,Male Giant,105164,2486060,Ruairi
Yuuya,Male Elf,42782,2487008,Ruairi
Ammitta,Female Human,200,2488528,Ruairi
Elyei,Female Elf,34395,2490485,Ruairi
Isabella43,Female Human,2126,2491481,Ruairi
Epraito,Male Human,32891,2491818,Ruairi
Ronnaa,Female Elf,1576,2492656,Ruairi
Manjiro,Male Human,55284,2494841,Ruairi
Chambers,,,2495391,Ruairi
Pika1998,Male Human,49343,2497673,Ruairi
TAGNim,Female Human,11174,2507107,Ruairi
XMANIACALX,Female Human,5281,2507513,Ruairi
Eurielle+Ruairi,Female Elf,27451,2509726,Ruairi
Omeaden,Male Human,23842,2512023,Ruairi
Sandites,Male Elf,200,2520192,Ruairi
Deirdrei,Female Elf,4961,2523304,Ruairi
ragglesfragg,,,2526567,Ruairi
Arsage,,,2528298,Ruairi
Iziuma,,,2533348,Ruairi
Ayler+Ruairi,Male Human,15902,2535850,Ruairi
Biscuit,,,2545104,Ruairi
Taisan+Ruairi,Male Human,13970,2548733,Ruairi
nuggets,Male Elf,5305,2550009,Ruairi
Kwik1,Male Human,510,2554876,Ruairi
Lordjoosh,Female Human,26193,2554920,Ruairi
kong2+Ruairi,Male Human,51,2555287,Ruairi
Blueberrydoggy,Female Human,38945,2556031,Ruairi
Mama09,Female Human,354,2557674,Ruairi
Mewlynne,,,2559294,Ruairi
Manareas,Female Human,26211,2559663,Ruairi
Cisoa,,,2565080,Ruairi
Yawghlob,Male Human,30341,2565771,Ruairi
Kirito6699,Male Human,29054,2567436,Ruairi
Alinarose+Ruairi,Female Human,246,2573747,Ruairi
Crimzonrose,Female Elf,25305,2580551,Ruairi
Morichan,Female Elf,19403,2581358,Ruairi
Bunnehjay,Female Elf,13898,2585198,Ruairi
bwsr,Male Human,21511,2588537,Ruairi
Tenson,Male Giant,47872,2594761,Ruairi
Lematoire,Female Elf,28830,2595769,Ruairi
Kiwisteene,Female Elf,20047,2598731,Ruairi
Naruto,,,2620122,Ruairi
Kuroe,Female Elf,55713,2620254,Ruairi
Sasuke8,Male Elf,26916,2622626,Ruairi
illyasviel1,Female Elf,36485,2624215,Ruairi
Obsession,Female Elf,39135,2624352,Ruairi
Anglemaker,Male Giant,649,2627564,Ruairi
Zelkoven,Male Human,9680,2627941,Ruairi
Johnnysins+Ruairi,Male Giant,196,2628434,Ruairi
Morjin,Male Human,26737,2630199,Ruairi
Glaive,Male Human,38626,2631002,Ruairi
Dictatortot,Male Human,53001,2631460,Ruairi
Meon028,,,2631546,Ruairi
Meon029,,,2631547,Ruairi
Baobao,,,2632060,Tarlach
Rissa,Female Human,24447,2632514,Tarlach
Kyumishi,Female Human,23110,2632564,Tarlach
Heath+Tarlach,,,2632812,Tarlach
Peachy,Female Human,35630,2633198,Tarlach
Thor,,,2633881,Tarlach
Tifa+Tarlach,Female Human,22567,2635111,Tarlach
Annie,Female Human,42593,2636685,Tarlach
Ingledove,Female Human,23028,2637700,Tarlach
Nworbnitsuj,Male Human,46869,2639539,Tarlach
Iily,Female Human,21508,2640042,Tarlach
Sharon+Tarlach,Female Human,27557,2641926,Tarlach
Veda,Male Human,41530,2647835,Tarlach
Faris,Female Human,66141,2649855,Tarlach
Aspryn,Female Human,21780,2654873,Tarlach
sadaznboy,Female Human,6646,2656775,Tarlach
Umbras+Tarlach,,,2660255,Tarlach
Clatz,Male Human,35378,2661120,Tarlach
Haewon,Female Human,35599,2668474,Tarlach
Youngking+Tarlach,Male Human,5615,2671720,Tarlach
Justic,Female Human,6129,2673590,Tarlach
Zavan,Male Human,2474,2677654,Tarlach
Nem,Female Human,10749,2679953,Tarlach
darkness06,Male Human,27804,2680371,Tarlach
Foodfoodfood,Male Human,74008,2687818,Tarlach
cleon+Tarlach,,,2693042,Tarlach
LUCKYSHOT+Tarlach,Male Human,38057,2695081,Tarlach
Kreed+Tarlach,Male Human,22109,2695529,Tarlach
jago83,Male Human,12468,2698722,Tarlach
Plkll,,,2699897,Tarlach
narutos+Tarlach,Male Human,6533,2702429,Tarlach
Meep,Female Human,17067,2702864,Tarlach
Aragor,,,2709443,Tarlach
Khogun,Male Human,23257,2713023,Tarlach
Musashinine,Female Human,2371,2714103,Tarlach
JUSTICEX,Female Human,2641,2716495,Tarlach
Marneffi,Female Human,4101,2717857,Tarlach
Brad,Female Human,27448,2719298,Tarlach
Srannatty,Female Human,22381,2720627,Tarlach
Lilacsbloom,,,2723130,Tarlach
Kumo,Male Human,3433,2724561,Tarlach
Phamomile,Male Human,20953,2724764,Tarlach
Fhurer,,,2725568,Tarlach
Ambrose,Female Human,30138,2726316,Tarlach
Inducer,Male Human,32701,2727248,Tarlach
Ethleyns,Female Human,23851,2729273,Tarlach
Ryuunosuke,Female Human,25710,2732723,Tarlach
lukewillison,Male Human,36675,2732879,Tarlach
Ororoa,Female Human,28710,2737786,Tarlach
Neolain,Male Human,55375,2739452,Tarlach
Bidica,Male Human,28819,2739987,Tarlach
Dillweed,,,2740366,Tarlach
Darthjarjar,Female Human,24413,2740926,Tarlach
Tairiku,Female Human,41237,2747179,Tarlach
Natasha,Female Human,33633,2748462,Tarlach
Minimelt,Female Human,7229,2749018,Tarlach
limecoconut+Tarlach,,,2752770,Tarlach
Damionus,Male Human,28806,2755266,Tarlach
Elsbeth,Female Human,51220,2765375,Tarlach
Coactive,Female Human,54296,2770753,Tarlach
Solis,Male Human,35097,2772410,Tarlach
Havice,Male Human,6030,2777924,Tarlach
Loraxkills,Female Human,6889,2777983,Tarlach
Link,Male Human,9459,2779502,Tarlach
Matcha,Female Human,47458,2780330,Tarlach
Toonlinkfan,Male Human,53210,2780825,Tarlach
Lamartian,Male Human,13970,2785751,Tarlach
DKil,Male Human,57773,2787341,Tarlach
Nonamenewbie,Male Human,32546,2788225,Tarlach
dotelk,Female Human,32829,2790302,Tarlach
Vernon,,,2795336,Tarlach
Tsukiko,Female Human,52792,2798661,Tarlach
Saitama,Female Giant,95752,2802788,Tarlach
Mistak,Female Elf,56171,2802820,Tarlach
Tamara,Female Human,34525,2805100,Tarlach
Cylia,Female Elf,30568,2812097,Tarlach
Lightwater,Male Human,54402,2813220,Tarlach
Jeremiah,Male Human,47074,2816413,Tarlach
Pankunchi,Female Elf,55697,2816721,Tarlach
Yumemi,Female Elf,23201,2823820,Tarlach
Dawna+Tarlach,Female Human,34053,2823994,Tarlach
Wolf,Female Human,26227,2825241,Tarlach
Chaos00,Female Human,55254,2829501,Tarlach
Meel,Female Elf,52984,2832934,Tarlach
Hohenhyme,Female Human,37180,2833197,Tarlach
Raedon22,Female Human,28367,2840278,Tarlach
azns,Female Human,46080,2841312,Tarlach
Veluxious,Female Human,12414,2841882,Tarlach
Marouku+Tarlach,Female Elf,27657,2849944,Tarlach
Tamsky,Female Elf,56940,2852825,Tarlach
Jaguar,,,2865890,Tarlach
Nikkionly,Female Human,3614,2867125,Tarlach
Redfern,Female Human,15875,2871749,Tarlach
mariala+Tarlach,Female Elf,5308,2872287,Tarlach
Gingwell,Male Human,28848,2872501,Tarlach
poppy78,Female Human,15292,2877565,Tarlach
Naix,Male Human,34067,2885814,Tarlach
Julia,Female Elf,54574,2890479,Tarlach
Finnley,Male Human,1108,2898589,Tarlach
Bawari,Male Elf,9565,2898937,Tarlach
Fauxen,Female Human,55826,2899540,Tarlach
dan292,,,2909798,Tarlach
Joy,,,2918841,Tarlach
Hamikatzu,Female Elf,20768,2919610,Tarlach
Oisin,Male Human,15757,2922525,Tarlach
Endeavour,Male Human,41603,2928436,Tarlach
kiloi1234,Male Human,45628,2929431,Tarlach
Wine,Female Human,6774,2934087,Tarlach
Alucard,Male Giant,33984,2944268,Tarlach
detlakiller,Male Human,21661,2948347,Tarlach
DKM,Male Human,58926,2951334,Tarlach
Kivori,Male Elf,48018,2953925,Tarlach
darkfangpr,Female Elf,31740,2955693,Tarlach
Sharena,Female Human,26114,2961248,Tarlach
Malichu,Male Human,26723,2964689,Tarlach
Matsuke+Tarlach,Female Elf,37573,2973858,Tarlach
Chibimomoe,Female Human,7943,2979053,Tarlach
Mercie,Female Human,22587,2983781,Tarlach
Joohee,Female Human,16216,2986468,Tarlach
Zepheris,Female Human,21274,2988335,Tarlach
Brindale7896,Male Human,26983,2988487,Tarlach
Amikle,Female Elf,36171,2988550,Tarlach
Cannonpunch,Male Giant,6269,2990423,Tarlach
Paxseko,,,2992317,Tarlach
Geesus+Tarlach,Male Human,8333,2994684,Tarlach
Kyurin,Male Human,26238,2994982,Tarlach
Pinkaholic,,,2995086,Tarlach
Delphox,Female Human,70673,2995628,Tarlach
Shakaya,Female Human,36007,2996739,Tarlach
KPNY,Female Human,7380,2997495,Tarlach
Gyumi+Tarlach,Male Human,29088,2998614,Tarlach
Martymcfleek,Male Human,23665,2998830,Tarlach
Charizard,,,2999616,Tarlach
Psylocin,Male Elf,21230,2999972,Tarlach
Yasutoko,Male Elf,20705,3000839,Tarlach
Kibiyuki,Female Human,26312,3001805,Tarlach
Kamelia+Tarlach,Female Human,13790,3002210,Tarlach
Fadingjade,Female Human,20405,3005342,Tarlach
Desmu,Female Giant,6309,3010276,Tarlach
Yuela,Female Human,15608,3010729,Tarlach
Kelspa,Female Elf,54890,3014229,Tarlach
lainisreal,Female Human,9264,3019271,Tarlach
Suggi,Female Human,20588,3020178,Tarlach
Noni,Female Elf,8882,3022117,Tarlach
Everam,Female Human,26538,3022942,Tarlach
Ubergeek,Male Elf,45987,3025383,Tarlach
Sionnach,,,3026969,Tarlach
Anahiti,Female Human,30026,3029168,Tarlach
Wanderlust,Male Human,56292,3034843,Tarlach
Ebvie,Female Human,78611,3035515,Tarlach
Kamigin,Female Human,40910,3041843,Tarlach
Hachiimitsuu,Female Human,5112,3041971,Tarlach
Yohari,Female Human,30321,3042647,Tarlach
ALTEQT,Female Human,30788,3043562,Tarlach
Nyuccs,,,3046281,Tarlach
Enigema,Male Human,27306,3049311,Tarlach
Katsuneteku,Female Human,25605,3052409,Tarlach
Jinho,Male Human,53000,3054348,Tarlach
Altirik,Male Human,22105,3058318,Tarlach
Inoriyuzuria,Female Human,29260,3059158,Tarlach
Albinhodge,Male Human,14534,3059510,Tarlach
Ranorasan,Male Human,21059,3065967,Tarlach
Melonaria,Female Elf,23175,3066242,Tarlach
Jboy1337,Female Giant,27316,3068114,Tarlach
trooper5190,Male Human,76945,3070708,Tarlach
dotabao1,,,3071710,Tarlach
Dim,Female Elf,49769,3072115,Tarlach
xxnoobemxx,Male Human,7990,3074378,Tarlach
Mimimouri,Female Human,6333,3075322,Tarlach
Xessa,Female Human,7198,3076130,Tarlach
Ktty,Female Human,14405,3076571,Tarlach
Shiemizu,Female Human,47030,3079601,Tarlach
Aethereal,Female Elf,1329,3081321,Tarlach
Nightroseyuii,Female Human,18083,3081472,Tarlach
Petrisis,Male Giant,1585,3081524,Tarlach
Mikeyvv,Female Elf,48088,3083144,Tarlach
Tacticalbacn,,,3084034,Tarlach
Tozen,Male Human,10670,3085157,Tarlach
Xxdeadeye,Male Human,59781,3085581,Tarlach
Cocopop,Male Human,10469,3087351,Tarlach
Saphiradark,Female Human,6750,3090707,Tarlach
Spooky,Female Elf,56096,3091784,Tarlach
Meavepagan,Female Human,22768,3094324,Tarlach
aznmule9,Female Human,536,3094417,Tarlach
aznmule11,Female Human,536,3094419,Tarlach
aznmule13,Female Human,532,3094422,Tarlach
Tovahkiin,Male Human,27378,3099560,Tarlach
Soddenkkwerr,Female Elf,5664,3099909,Tarlach
Dlanoir,Female Human,39803,3100239,Tarlach
Vespiel,Female Giant,62752,3100917,Tarlach
Separate+Tarlach,Female Human,711,3114050,Tarlach
Calificent,Female Human,33138,3114369,Tarlach
Risk,Female Elf,68148,3116420,Tarlach
Keilyff,Female Human,26523,3116927,Tarlach
nevermore69,Female Elf,12176,3117292,Tarlach
Mikitsue,Female Elf,21144,3120951,Tarlach
Destruidorx,Male Giant,46993,3124621,Tarlach
Faintsilence,Female Human,307,3124900,Tarlach
Tenrain,Female Human,30975,3134579,Tarlach
laxus52,Male Human,1687,3136751,Tarlach
Miso,Female Human,35020,3137642,Tarlach
Phupperbawt,Female Giant,48691,3138264,Tarlach
Annakrystale,Female Human,1598,3140130,Tarlach
Alexiel,Female Giant,23267,3140723,Tarlach
Marcario,Male Human,5460,3143910,Tarlach
Cyrillechan,Female Elf,223,3144786,Tarlach
Daksy,Male Human,35347,3145615,Tarlach
Aerota,Male Human,29486,3145785,Tarlach
Kitsunelf,Female Elf,16001,3146211,Tarlach
murpidalurp,,,3151662,Tarlach
Nymphalii,Female Elf,30614,3151879,Tarlach
Cozybun,Female Human,29179,3153115,Tarlach
Mwae,Female Elf,13577,3159176,Tarlach
Shaes,Female Giant,24952,3164323,Tarlach
Banktab03,Female Elf,176,3164811,Tarlach
Sarin,Male Human,37925,3165187,Tarlach
Kantalope,Male Human,12129,3168892,Tarlach
Viive,Female Human,29223,3169873,Tarlach
Shiuna,Male Human,30007,3171712,Tarlach
Slamborghini,Male Giant,53215,3177643,Tarlach
Gasingirl,Female Giant,22653,3180534,Tarlach
Squode,Female Human,24820,3181905,Tarlach
Moondoggy2,Male Elf,33239,3182589,Tarlach
Adorn,Female Human,12179,3201925,Tarlach
Kitsububble,Female Giant,13047,3202033,Tarlach
Poidoe,,,3202959,Tarlach
skygirl,Female Elf,28593,3209177,Tarlach
smoluniverse,Female Elf,13059,3210329,Tarlach
Urzui,Male Human,55036,3221222,Tarlach
Baku,Female Elf,30867,3222161,Tarlach
Lillykitsune,Female Elf,23241,3222896,Tarlach
Mainmoon,Female Elf,11370,3226506,Tarlach
Oragagashi,Male Human,30964,3227186,Tarlach
Papitakui,Female Human,3885,3239454,Tarlach
Lidokun,Female Human,20266,3242447,Tarlach
Loris,Female Human,21108,3247148,Tarlach
KITH+Tarlach,Male Giant,5804,3249353,Tarlach
OROCHl,Male Giant,16837,3250826,Tarlach
Lovemenow+Tarlach,Female Elf,1194,3251432,Tarlach
Jonks,Male Human,25218,3263476,Tarlach
Grimbee,Female Elf,24021,3265340,Tarlach
Carly,,,3266747,Tarlach
Sly,Female Human,62925,3271368,Tarlach
Romanque,Male Giant,20568,3278990,
Lakavy,Female Giant,18196,3282770,
Veldea,Female Human,1001,3289772,
Apokaluptein,Male Human,5087,3299439,
lmmiscible,Female Human,41289,3316469,
Rorichi,Male Human,13149,3318603,
Moyie,Female Human,34624,3322165,
Dobinnaww,Male Human,5461,3323218,
Sebebe,Male Human,5939,3323219,
Kiyoan,Female Human,9871,3325041,
Bisexual,,,3325153,
Terumii+Tarlach,Female Elf,1191,3326160,
Eiha,Female Elf,34057,3326866,
Bluey,Male Human,46870,4444668,
Usagixmoon,Female Human,44770,4448035,
Hungee,Male Human,40083,4452606,
Justinselena,Female Human,5596,4459195,
Demigod,Male Human,11170,4462501,
chigourou,,,4463454,Nao
Eniad,Female Human,49562,4463734,Nao
Zatorii,Female Elf,20511,4464149,Nao
Bighobbit,Female Giant,25145,4481234,Nao
Gangwel,Male Giant,3001,4484396,Nao
Kochukaru,Female Human,5460,4486429,Nao
Chelka,Female Human,7995,4491241,Nao
Mononocake,,,4493896,Nao
Affirmations,Female Elf,23633,4493896,Nao
Ripperchan,Female Human,53857,4503434,Nao
Hiutale,Male Human,210,4507371,Nao
HASAQI,Male Giant,52608,4507592,Nao
Hawkelf47,Female Elf,857,4510228,Nao
Vocalight,Female Human,22321,4511872,Nao
Lightsfaith,Male Elf,28233,4518344,Nao
Sairaphim,Male Elf,20580,4525796,Nao
Dwiloxin,Female Elf,7596,4526727,Nao
Ausyie,Female Human,14098,4528494,Nao
Scizox,Female Elf,40370,4528905,Nao
Poikilo,Female Human,33891,4531392,Nao
Seibae,Female Human,43717,4532018,Nao
Beegboi,,,4534296,Nao
Svetty,Female Human,27259,4546636,Nao
Asu,,,4548683,Nao
Ideolatry,,,4553314,Nao
illcookyoass,Female Human,27067,4553949,Nao
Vanisu,Female Giant,25588,4558558,Nao
Madessi,Male Human,36491,4563110,Nao
Avallac,Female Elf,11971,4565978,Nao
aznmule15,Female Human,565,4570067,Nao
aznmule16,Female Human,539,4570069,Nao
aznmule1,Female Human,537,4570072,Nao
aznmule17,Female Human,517,4570076,Nao
Ciovaen,Female Elf,17451,4589501,Nao
Eihwazz,Female Human,11586,4590169,Nao
Xantelle,Female Elf,21767,4592910,Nao
Kastillon,Male Giant,46314,4601175,Nao
Pikachu168,Female Elf,36689,4607597,Nao
Wizzro,Male Elf,495,4613666,Nao
HDLincle,Male Elf,584,4613749,Nao
JJOON,Female Elf,64980,4614867,Nao
dtomato,Female Human,40126,4625198,Nao
Hexs,Female Elf,21725,4633316,Nao
Benkkzz,Female Human,46,4637975,Nao
jewelthefool,,,4665043,Nao
Specialspace,,,4665461,Nao
Daya,Female Human,44941,4692206,Nao
Smowl,,,4695332,Nao
Riissder,Male Human,1430,4700121,Nao
Izeri,Male Human,27316,4700489,Nao
Tensheetos,Male Elf,2556,4707272,Nao
Anoana,Female Human,3036,4728077,Nao
infoymph,Female Human,22214,4729179,Nao
Crunchyroll,Female Human,23452,4729697,Nao
Coffeeloli,Female Human,44799,4732348,Nao
Krispykreme,Female Human,27524,4734637,Nao
Eggplants,Female Human,55,4742459,Nao
Othan,Male Human,2242,4746487,Nao
Fachoous,Female Human,20373,4750313,Nao
Varadia,Female Human,21070,4757122,Nao
Greater,Female Giant,27559,4757439,Nao
Kibee,Female Elf,51438,4761438,Nao
Eleven,Female Human,9445,4761740,Nao
Platypusbear,,,4762248,Nao
Bugus,Male Giant,6237,4762336,Nao
Sucstoes,Female Elf,37889,4763250,Nao
itskape,Female Giant,13540,4763588,Nao
Annaelsia,Female Human,23836,4766922,Nao
Dixie,Female Human,13764,4776616,Nao
Tev,Male Elf,5510,4779088,Nao
Mewostic,Female Elf,25901,4782618,Nao
lilbit,Male Elf,27570,4783073,Nao
Rhizoun,Female Giant,25867,4785609,Nao
Heartbeat,Female Human,25674,4787295,Nao
Lumieus,Female Elf,22615,4804291,Nao
Herbgirl100,Female Human,526,4825480,Nao
Koz,Male Human,10606,4841139,Nao
ACME,,,4887079,Nao
Katuri,Female Human,20983,4931076,Nao
Ryuuri,Female Human,23285,4969347,Nao
Paliparan,Male Human,2097,4971422,Nao
Meklord,Male Giant,47776,4974546,Nao
Melina,Female Human,5186,4985597,Nao
Angrybtch,,,5002885,Nao
Silbaria,Female Elf,39669,5015630,Nao
Caliea,Female Elf,26122,5019894,Nao
Sarcastic,Male Giant,5114,5058620,Nao
Opposite,Female Human,5026,5058654,Nao
Condemned,Male Giant,5071,5058744,Nao
Melatolaka,Female Giant,7953,5062855,Nao
ibeos,Female Elf,28759,5063870,Nao
Utskushii,Male Giant,21494,5070739,Nao
Aceyzy,Female Human,26997,5105220,Nao
Octane,Male Elf,21503,5129157,Nao
Accelertor,Female Human,11109,5131486,Nao
Faffingly,Female Human,23007,5131793,Nao
Mago,Male Human,46773,5138973,Nao
Sanada,Male Human,27429,5143276,Nao
Cptmeowcolm,,,5146079,Nao
Funnlecarpet,,,5157319,Nao
Acezero,Female Human,42132,5161322,Nao
Emira,Female Elf,26686,5172229,Nao
Lovetakoyaki,Male Giant,43,5189252,Nao
Mariibearr,Female Human,32955,5194182,Nao
This,Male Elf,38600,5223799,Nao
Exaeta,Male Human,52095,5238258,Nao
lizthewizard,Female Human,38798,5243514,Nao
Himeka,Female Human,841,5252961,Nao
Bwuany,Female Human,6752,5278563,Nao
Kocooper,Male Elf,5397,5284129,Nao
Iil,Female Giant,17836,5301031,Nao
Seradraco,Female Human,24008,5306875,Nao
Guttz,Female Elf,9844,5321902,Nao
IInu,Female Giant,155,5328295,Nao
Fictitious,Male Human,7749,5328671,Nao
Hipal,Male Human,40150,5341921,Nao
Hiyu,Male Human,13713,5352903,Nao
Yejunn,Male Human,10446,5357681,Nao
Zaw,Male Human,15192,5367997,Nao
VXi,,,5373754,Nao
Talale,,,5383587,Nao
Amzukyakos,Male Human,6950,5386293,Nao
Twistedfast,Male Giant,1331,5390446,Nao
Iilac,Female Human,2921,5391655,Nao
Yoxjii,Male Human,9311,5397476,Nao
Egirlfeet,Male Human,2968,5397913,Nao
Hiriela,,,5404097,Nao
Ereleia,Female Human,20156,5406299,Nao
Laelius,Female Human,26799,5411613,Nao
Cassander,Male Human,8432,5418471,Nao
Fuka,Female Human,914,5427878,Nao
Katri,Female Elf,31303,5428351,Nao
Aliceangel,Female Human,40082,5433669,Nao
Ryrain,Male Elf,30497,5440674,Nao
Chibisaki,Female Human,49919,5442509,Nao
Cuticle,Male Human,46035,5459580,Nao
Rietz,Male Human,20239,5460026,Nao
Hwasan,Female Elf,2057,5463422,Nao
Venellie,Female Elf,14169,5465635,Nao
Cuticledruid,Male Human,4965,5466432,Nao
Sadexistence,Male Human,29925,5470590,Nao
Nusie,Female Elf,42865,5474797,Nao
Omygod,Female Human,6848,5477732,Nao
Sugarpeanut,Female Elf,6914,5477881,Nao
Harvster,Male Human,6376,5479290,Nao
Stalkers,Female Elf,549,5486123,Nao
Izuki,Female Elf,30291,5486473,Nao
Catio,Female Elf,7072,5486592,Nao
sdfgnhmj,Female Human,174,5487344,Nao
wre,Female Human,197,5487685,Nao
idksimpforit,Female Human,36,5488276,Nao
jydrtshsh,Female Human,168,5488421,Nao
Voxye,Female Elf,5007,5489515,Nao
Alinity1,Female Human,287,5491056,Nao
Sakura2,Female Elf,28211,5496055,Nao
Pichurdo,Male Giant,2068,5497166,Nao
Dumbaho,Female Giant,2897,5513433,Nao
johnystar3,Male Giant,245,5517965,Nao
mariadro76,Female Giant,264,5518084,Nao
Amorine,Female Human,16626,5518908,Nao
kenadie,Female Human,1190,5525063,Nao
Jvon,Male Elf,26992,5528614,Nao
Daevaneo,Female Giant,231,5540407,Nao
lodestone112,Female Giant,17007,5550337,Nao
Reflection12,Male Giant,29724,5562849,Nao
Msry,Female Giant,7520,5574665,Nao
Nothin,Female Human,7813,5578383,Nao
Rifabutin,Female Human,34346,5581158,Nao
Tutunuki,Male Human,41569,5582161,Nao
Kairva,Female Giant,15616,5590233,Nao
Amolecole,Female Human,2145,5597468,Nao
Afterer,Female Human,2256,5597488,Nao
Assist1,Female Elf,810,5600735,Nao
Jents,Male Giant,329,5601662,Nao
Kangaskhan,Male Human,50280,5616273,Nao
enchantspls,Female Human,578,5620863,Nao
Soulstrain,Male Human,23858,5622615,Nao
Strongfocus,Male Giant,37575,5627294,Nao
Mezzaluka,Female Elf,447,5628058,Nao
bajablastme,Female Human,167,5629954,Nao
Sunbaae,Male Elf,6900,5630835,Nao
Raijinn,Male Elf,20311,5633222,Nao
Infectious,Male Elf,3017,5634391,Nao
Whubz,Male Human,33016,5641577,Nao
notchonki,Female Elf,2879,5648142,Nao
Shandui,Male Human,29798,5652478,Nao
Razmir,Male Human,11539,5660246,Nao
Vom,Male Elf,25208,5670557,Nao
Isadora,,,5670825,Nao
Imsus,Male Human,23143,5671056,Nao
Seiyaa,Female Human,31899,5689930,Nao
Depart,Female Elf,28440,5696227,Nao
Rizziie,Female Human,422,5705053,Nao
Kiriyune,Female Elf,16045,5719607,Nao
Fioni,Female Human,1114,5733336,Nao
Kelta,Female Elf,29554,5737511,Nao
Tinymoth,Male Human,29454,5742373,Nao
Lustyozzie,Male Giant,3646,5747170,Nao
MARK4238,Male Human,30558,5758199,Nao
Kazuhai,Male Human,21850,5758761,Nao
Malise,Female Giant,5806,5762393,Nao
peepeepepoo,Male Human,3342,5765725,Nao
Felist,Male Giant,5409,5768223,Nao
Aven,Male Elf,19597,5771786,Alexina
CKN,Female Human,52172,5776817,Alexina
DOMOKUN+Alexina,Male Human,60700,5777314,Alexina
Yurine,,,5780075,Alexina
Shuchang,Male Human,33096,5787493,Alexina
Brightheart+Alexina,Female Human,3109,5793691,Alexina
Earthlord+Alexina,Male Human,20235,5795312,Alexina
jake69,Male Human,62201,5798512,Alexina
Shinestar,Male Human,39276,5799783,Alexina
Pot+Alexina,Male Human,55672,5802641,Alexina
danny1111+Alexina,Male Elf,1071,5806885,Alexina
Shogunzera,Male Human,21498,5807435,Alexina
Mistymoonlight,Female Elf,32833,5811643,Alexina
Bam,Male Elf,78402,5813388,Alexina
artsidea,Female Elf,7334,5813411,Alexina
kyolight+Alexina,,,5818984,Alexina
Nenmclovin,Male Elf,22807,5819480,Alexina
taiden+Alexina,Female Human,45176,5831398,Alexina
Evanescence+Alexina,Female Elf,7040,5831778,Alexina
Sanctaria,Female Elf,35519,5832588,Alexina
Kyotaro,Female Human,24675,5835630,Alexina
Darthjawafet,Female Elf,29597,5835707,Alexina
lnya,Female Human,14226,5837060,Alexina
Kesht,Male Human,52786,5838735,Alexina
Heterophobia,Male Elf,23428,5840650,Alexina
Dusk,Male Human,40878,5841429,Alexina
Assault,Male Human,25320,5842661,Alexina
noobieguy,Male Elf,26094,5845051,Alexina
Zachariach1,Female Human,22737,5847622,Alexina
Blobmcstomp,Male Human,15420,5852440,Alexina
Riadhe,Male Elf,22408,5857819,Alexina
SUNFLARE,Male Elf,46227,5860072,Alexina
ironical,Female Human,50050,5862598,Alexina
Myrinn,Female Elf,5527,5863039,Alexina
APMCanyon,Male Human,21404,5865412,Alexina
efansay,Male Giant,51640,5865510,Alexina
ROYphx,Male Human,53580,5868199,Alexina
Kizuko,Male Elf,46784,5868765,Alexina
Wolfswain,Male Human,32886,5870877,Alexina
abcd+Alexina,Male Human,1688,5873123,Alexina
yloo,Male Human,10749,5880714,Alexina
Marianthi,Female Elf,33860,5888243,Alexina
Smatchy,Female Human,45557,5888967,Alexina
justison,Male Human,38525,5893046,Alexina
link911,,,5909179,Alexina
Tsukitenebra,Female Elf,43666,5918064,Alexina
Kireil+Alexina,Male Human,52096,5927749,Alexina
Zerofreedom,Male Human,39238,5929250,Alexina
Eiris+Alexina,Female Human,38515,5930671,Alexina
pownin,Male Human,7305,5932634,Alexina
Junbei,Male Giant,20919,5938447,Alexina
Kingkamii,Male Human,40517,5943395,Alexina
Zhangshirong,Male Human,72479,5944138,Alexina
Legendstar+Alexina,Male Human,21625,5946254,Alexina
Vati+Alexina,Female Elf,23026,5951737,Alexina
prencessxion,Female Elf,29611,5952994,Alexina
Enryan,Male Human,40053,5955196,Alexina
Gammera+Alexina,Male Elf,45638,5962006,Alexina
Atere,Female Human,22220,5968234,Alexina
Haguchi+Alexina,Female Elf,3262,5969544,Alexina
Anarchyxx,Female Human,15916,5970828,Alexina
Donutlover,Female Human,37814,5975681,Alexina
Romanji,,,5979930,Alexina
Estevio,Male Human,53660,5984417,Alexina
Helsa0151+Alexina,Female Giant,9464,5989628,Alexina
Nakamotosatoshi,Male Human,12164,5992441,Alexina
Heishen,Male Human,42312,5994812,Alexina
Lizlet,Female Human,22235,6001915,Alexina
Ninjatwinky,Male Human,25435,6006690,Alexina
Sumisawa,Female Human,54549,6012315,Alexina
Natsukiz,Female Giant,40111,6015648,Alexina
yenjin,Male Human,29550,6016791,Alexina
rawdograndom,Male Human,18155,6023415,Alexina
ukikun,Female Human,45783,6025193,Alexina
Bubble,Female Elf,7615,6029848,Alexina
Emviie,Female Human,23129,6030389,Alexina
Pomnabo,Male Human,38793,6030433,Alexina
Soyu,Female Human,53233,6031104,Alexina
Oatly,Female Elf,10825,6031919,Alexina
Casketkicker,Female Human,45799,6033947,Alexina
Beastwing+Alexina,Male Giant,23930,6034622,Alexina
DSDarkrai,Male Human,52835,6037068,Alexina
Strawberrymilk,Female Elf,24449,6041257,Alexina
Bronzebreak,Male Human,37207,6042708,Alexina
narutomater,Male Human,44632,6047238,Alexina
Azuno,Female Elf,13469,6047317,Alexina
Sakihime,Female Elf,22181,6050773,Alexina
Radeofmasks,Female Giant,26019,6052416,Alexina
xtakeshix+Alexina,Female Human,12555,6055141,Alexina
Tsumuku,Male Human,31953,6058607,Alexina
Zeldarocks,Female Elf,28339,6059227,Alexina
bobbykon,Male Human,29702,6060803,Alexina
Teenuh,Female Human,22314,6064588,Alexina
Innessa,Female Giant,23775,6072128,Alexina
Zlatka,Female Giant,23900,6072130,Alexina
Yayoshi+Alexina,Male Human,1891,6078845,Alexina
Sorapandora,Female Human,53100,6081048,Alexina
Popsicles+Alexina,,,6087595,Alexina
Perkules,Male Human,30114,6088324,Alexina
Kiwun,Male Human,39996,6090051,Alexina
Wyllhell,Female Human,46358,6092713,Alexina
Starlia+Alexina,Female Human,8851,6093076,Alexina
Darkrai47,Male Human,5698,6094749,Alexina
Lyf,Female Human,81614,6095840,Alexina
Anakym,Female Giant,26282,6096786,Alexina
Kys+Alexina,Female Human,4285,6103124,Alexina
Terranigan,Female Human,173,6107091,Alexina
Youmuus+Alexina,,,6107591,Alexina
Crimescene,Female Elf,43475,6109636,Alexina
everydere,Male Human,22948,6113466,Alexina
Spumonii,Female Human,21697,6121900,Alexina
Bonreo+Alexina,Male Elf,23773,6125903,Alexina
Voqq,Male Human,21925,6126981,Alexina
Briteangel+Alexina,Male Human,36977,6134897,Alexina
Kisa1,Female Human,60290,6135043,Alexina
Vanstina,,,6135242,Alexina
Zaccai,Male Human,22276,6136508,Alexina
Yoozu,Female Human,29547,6136559,Alexina
Saferix,Female Elf,15709,6136981,Alexina
Aliceliesse,Female Elf,50908,6137719,Alexina
Summersword+Alexina,Female Elf,12323,6144145,Alexina
Invocation,Male Elf,26688,6145030,Alexina
Yorushi,Male Human,59989,6146385,Alexina
Valynt+Alexina,Female Human,25191,6148202,Alexina
Winterdata,,,6148912,Alexina
Spavi,Male Human,18982,6149433,Alexina
Boogerr,Male Human,21740,6150757,Alexina
Angelbeets,,,6152463,Alexina
Oatmilk,Female Elf,56562,6161741,Alexina
Nekochani,Female Human,22773,6175604,Alexina
Reshiram07,Male Human,53850,6176460,Alexina
Pipsqueakems,Female Elf,44269,6176957,Alexina
Kanakouhai,Female Human,4070,6179648,Alexina
konoe4,,,6182343,Alexina
Nonskiller,Male Human,26290,6187110,Alexina
Vru,Male Human,49732,6187389,Alexina
Minalon,Female Elf,46780,6189964,Alexina
Cptehab,Male Elf,23320,6190955,Alexina
Soubix,Male Elf,3526,6193205,Alexina
matchacco,Female Elf,62929,6196050,Alexina
Yoshi18,Male Elf,23371,6198076,Alexina
Knausen,Male Human,21269,6198190,Alexina
Shidomaru,Male Human,33339,6198359,Alexina
Teru0,,,6202973,Alexina
Pirry+Alexina,Male Elf,4458,6209797,Alexina
Mason11,Male Human,56570,6215313,Alexina
Unicowrn,Female Elf,21802,6218766,Alexina
Jose,Male Giant,44404,6221340,Alexina
EMIL312,Male Elf,22467,6222648,Alexina
Onetrickster,Male Giant,27001,6223493,Alexina
Pekotte,Female Human,32051,6225930,Alexina
Helliofire,Male Human,40615,6226351,Alexina
Pinepaw,Female Elf,4401,6231920,Alexina
Faoileann,Female Human,17042,6235157,Alexina
Nizuto,,,6235618,Alexina
Crossangel,Female Human,11451,6240546,Alexina
Kressent,Female Human,20817,6244429,Alexina
Rafaell,Male Giant,29209,6252075,Alexina
Geminiprime,Male Human,46924,6252769,Alexina
bowmen,Male Human,25194,6253826,Alexina
Manilakai,Male Human,5100,6255931,Alexina
Summiee+Alexina,Female Human,10237,6257670,Alexina
katiepoo2,Female Human,22587,6259218,Alexina
Scarletwrath+Alexina,Female Human,11651,6261497,Alexina
Kamuiroku,Male Human,400,6263214,Alexina
Iyse+Alexina,Female Human,33909,6265226,Alexina
Assi,Female Human,37661,6269246,Alexina
Kiremekoneko,Male Human,44942,6274990,Alexina
Puddingvibes,Male Human,43464,6287194,Alexina
robertogatsu,Male Human,30262,6287723,Alexina
Secret,,,6290502,Alexina
Luvsy,Female Human,44518,6293672,Alexina
Albain,Male Human,49558,6294397,Alexina
Uolkh,Male Human,24007,6296521,Alexina
Zelfal+Alexina,Female Giant,54523,6299531,Alexina
Rebrand,Female Human,39693,6300803,Alexina
Ukitsu,Female Elf,39623,6301985,Alexina
Kurami9+Alexina,Female Elf,64237,6303197,Alexina
Yukisawa,Female Human,22133,6316124,Alexina
Typhorion,,,6321519,Alexina
ELVIRAamyjo,Female Elf,892,6322563,Alexina
Taiichii,Male Human,9042,6323863,Alexina
Sepherence,Female Elf,29480,6326017,Alexina
Hotao,Female Human,29935,6328893,Alexina
devinisboss,Female Human,23188,6329106,Alexina
Aurabella,Female Human,3623,6329342,Alexina
Dameia,Female Elf,26512,6330787,Alexina
Arcenon,Male Human,29136,6330788,Alexina
Cine+Alexina,Female Human,6634,6343057,Alexina
Shadiggler,Female Human,52512,6349969,Alexina
Yooboyy,Male Human,31502,6354635,Alexina
Oerbayunruby,Female Human,35722,6354711,Alexina
Kaozzking,Male Human,30066,6357644,Alexina
Krothkami,Male Giant,21714,6357934,Alexina
Hoxx,Female Human,3408,6357943,Alexina
Rhawell,Female Human,21800,6358345,Alexina
Elisalle,Female Elf,26993,6358630,Alexina
Velise,Female Human,20344,6358729,Alexina
Poesums,Female Elf,20579,6358912,Alexina
Jeremih,Male Human,34781,6364682,Alexina
Rilas,Female Human,44718,6364849,Alexina
iceecloud,Male Human,66658,6364870,Alexina
Guragawr,Male Human,36146,6365440,Alexina
Ipokedalion+Alexina,Male Human,22268,6365895,Alexina
Figulus,Male Human,54474,6371218,Alexina
Weissclover,Female Elf,61428,6372392,Alexina
Kilayox,Male Human,39386,6374038,Alexina
Viorelle,Female Human,36050,6377690,Alexina
Betrayergx,Male Giant,41732,6383833,Alexina
Levion,Female Elf,9743,6384583,Alexina
Lumioni,Female Human,46626,6385903,Alexina
Wimpyshrimpy+Alexina,Female Human,37240,6388914,Alexina
kittyrin+Alexina,Female Human,26578,6391786,Alexina
Kazuki12+Alexina,Male Human,23853,6392551,Alexina
Lillywinter,Female Human,21467,6393731,Alexina
Void,,,6394457,Alexina
Rashod101,Male Human,1340,6394576,Alexina
pachichan+Alexina,Female Human,4216,6395664,Alexina
Irithel,Female Human,42155,6396795,Alexina
Yamizure,Male Human,20268,6398656,Alexina
Latto,Male Human,19934,6399903,Alexina
Dramacus,Male Human,20288,6405626,Alexina
Yahargul,Male Human,25595,6406398,Alexina
Akitasenpai,Female Human,23439,6408092,Alexina
Shoza,Female Giant,32911,6412509,Alexina
Kitsuneanagi,Female Elf,60872,6413750,Alexina
Ryoutaro59,Male Human,29271,6414001,Alexina
Kitamii,Female Elf,17229,6418804,Alexina
Yvi+Alexina,Male Elf,7872,6420902,Alexina
Elzyne,Female Human,16061,6421995,Alexina
Velryn,,,6425382,Alexina
toranobu,Male Giant,28170,6427915,Alexina
Bellarion+Alexina,Female Human,698,6437770,Alexina
Enhancements,Female Elf,29869,6438820,Alexina
Fluffpi,Female Human,31583,6440226,Alexina
Viktorika+Alexina,Female Human,10020,6440354,Alexina
Breyzon,Male Human,40905,6440514,Alexina
Uzumesuka,Female Elf,24732,6443100,Alexina
Rodiia,Female Elf,23603,6447234,Alexina
Caliopemori,Female Human,27047,6447701,Alexina
Crucifxck,Male Human,21140,6448661,Alexina
Posumon,Female Human,24104,6449808,Alexina
Pelasgus,Female Human,4167,6454368,Alexina
Matashichi,Male Elf,23625,6457019,Alexina
ITSM,Male Giant,51319,6457280,Alexina
shayangel,Female Human,30070,6459704,Alexina
CPTSenshi,Female Human,40394,6460778,Alexina
Vaciel,Female Elf,10755,6461250,Alexina
IHohenheim,Male Elf,7875,6466421,Alexina
Mashirosan,Female Human,53094,6468197,Alexina
TECHOFACHIBI,Female Elf,22953,6469524,Alexina
Xelvyxs,Male Human,31547,6473281,Alexina
elfbar,Male Giant,30719,6473653,Alexina
Zebstrica+Alexina,Female Elf,5297,6476951,Alexina
Kanae,Female Human,24722,6479106,Alexina
Epicpower137,Male Human,1600,6488580,Alexina
Taetaee,Female Human,171,6491016,Alexina
Xif,Male Human,29519,6493002,Alexina
Fourie+Alexina,Female Human,4692,6498512,Alexina
Zedilicious,Male Human,21663,6508879,Alexina
IFluffeh,Female Human,18587,6520892,Alexina
Motionalist,Female Human,21326,6543657,Alexina
Queeny132,Female Elf,53190,6547590,Alexina
Kynakosan,Female Human,80746,6549449,Alexina
Arikiu,Male Elf,44164,6551337,Alexina
Suelle,Female Human,38591,6551380,Alexina
Shellingford,Female Human,25839,6552711,Alexina
Casanovia+Alexina,Male Human,8538,6554239,Alexina
Dizzlebyte,Male Human,16699,6554239,Alexina
Eshya,Female Elf,32804,6556275,Alexina
Someboy,Male Human,52114,6556827,Alexina
Boulouki,,,6558283,Alexina
Hiddenaki,Male Human,21045,6564559,Alexina
Sneiijder,Male Giant,44200,6568417,Alexina
Preyed,Male Human,8740,6569723,Alexina
Slumbersome,Male Human,32555,6573809,Alexina
Dontask,Female Elf,49785,6577681,Alexina
GKYS,Female Human,22542,6578251,Alexina
Vincennes,Male Human,29804,6578568,Alexina
Slipsteam,Male Giant,26377,6585469,Alexina
Chrisgriffin,Male Human,30010,6586143,Alexina
Fallenmage,Male Elf,55535,6586468,Alexina
Gem,Female Elf,50274,6592136,Alexina
Wxst,Male Human,12892,6596248,Alexina
Chihirlotte,,,6598013,Alexina
cristiandiaz,,,6598151,Alexina
Penguinfan,Male Human,27390,6599214,Alexina
Snorlix,Male Giant,22791,6600348,Alexina
Tul,,,6602840,Alexina
DKI,Male Human,40042,6603479,Alexina
Sanali+Alexina,,,6609441,Alexina
Lunabun,Female Human,36315,6610401,Alexina
Labaguette+Alexina,Female Human,6009,6611246,Alexina
Roalena,Female Human,50432,6616573,Alexina
Levitherogue,Female Human,66055,6620230,Alexina
Zenola,Female Giant,45341,6620705,Alexina
Hyliancola,Female Human,25565,6620868,Alexina
Sanzinin,Female Human,39558,6621671,Alexina
Anobinyatomy,Male Human,31859,6626238,Alexina
Impoliteness,Female Human,22133,6626998,Alexina
Recklesz,Male Human,20595,6633865,Alexina
hoyohoyohoyo,Female Human,33845,6635062,Alexina
Greedii,Female Human,33377,6639928,Alexina
GIyphs,Female Human,28371,6645954,Alexina
Helryx,Male Human,36376,6651845,Alexina
Chagataibor,Male Elf,75808,6653903,Alexina
Lylivia,Female Elf,42910,6663977,Alexina
Deathschaser,Male Human,26091,6670745,Alexina
Kurokoricx,Male Human,23351,6676792,Alexina
dranza69,Female Elf,21476,6684307,Alexina
Prolexia+Alexina,Female Giant,52849,6695888,Alexina
Hikizuru+Alexina,Female Human,28398,6697652,Alexina
Asanas,Female Human,25915,6699503,Alexina
Nimrit,Female Human,24993,6700248,Alexina
Missyin,Female Human,23639,6701287,Alexina
Grimmirke,Male Elf,17000,6704636,Alexina
Zenithkai,Female Elf,31704,6706601,Alexina
Kahannii,Female Human,5525,6712213,Alexina
Moirabell,Female Elf,3890,6713235,Alexina
Yukicph,Female Human,28607,6715505,Alexina
reiaishii22,Female Human,10556,6716316,Alexina
Deviantfox,Male Human,8014,6716843,Alexina
Nisehikari,Female Elf,22041,6721375,Alexina
Jhaun,,,6725443,Alexina
Violitta,Female Human,12101,6732677,Alexina
Aosago+Alexina,Male Elf,149,6733468,Alexina
Yarimui,Female Human,47438,6734708,Alexina
Novas01,Male Human,13863,6737254,Alexina
Sakauchi,Male Human,31525,6738469,Alexina
Anocxymia,Female Human,8518,6744568,Alexina
Tianshiu,Female Human,30851,6746667,Alexina
Gumayoon,Male Human,22521,6749887,Alexina
Gweniestarr,Female Human,65478,6752677,Alexina
Lordyro,Male Human,6680,6761555,Alexina
Matt666,Male Elf,24735,6762587,Alexina
Sorchuh,Female Elf,18707,6763875,Alexina
Gracesasbel,Male Human,28608,6764980,Alexina
Jadeflora,Female Human,12756,6767727,Alexina
Dyvirna,Female Giant,5284,6769205,Alexina
Neygargaimur,Male Human,26669,6770305,Alexina
HMSv1,Male Elf,9041,6773531,Alexina
Menelnor,Female Elf,22104,6773896,Alexina
Hardfeet,Male Giant,23768,6774797,Alexina
Synxyche,Female Human,21877,6776868,Alexina
Svebran,Male Human,9322,6782446,Alexina
Spiritlamb,Female Elf,36434,6784204,Alexina
treestar,Male Human,38251,6786146,Alexina
Muffin,Female Human,33801,6791452,Alexina
Ceptor3664,Male Elf,5175,6791704,Alexina
TS6,,,6798807,Alexina
Lillymatah,Male Human,25341,6801660,Alexina
slayermatt90,Male Human,18237,6802718,Alexina
Krigsu,Female Human,32236,6803509,Alexina
Jennmu,Female Human,31622,6803510,Alexina
tato17,Male Human,26756,6805798,Alexina
Neosaga,Male Elf,51511,6806162,Alexina
Midenz,,,6807261,Alexina
Koutarax3,Female Human,5183,6810019,Alexina
Ivaay,Female Elf,11152,6810487,Alexina
Ninjafred10,Male Human,56710,6811312,Alexina
kettima,Female Human,20880,6814066,Alexina
Uzumar,Female Human,52297,6814302,Alexina
Waifumoo,Female Elf,4812,6815195,Alexina
mmucy,Female Elf,31721,6815534,Alexina
Raephael+Alexina,Male Giant,11897,6817352,Alexina
Lirexa,Female Human,44067,6818433,Alexina
Jangwonyoung,Female Elf,6015,6819845,Alexina
Aradelya,Female Elf,36198,6820362,Alexina
Kawapie,Female Elf,37534,6825332,Alexina
Angeliclily,Female Elf,24680,6826070,Alexina
Aphinor,Female Elf,42496,6827144,Alexina
Severlyn,Female Human,34932,6833266,Alexina
AFKmostoftim,Male Giant,5271,6834759,Alexina
Cerori,Female Human,32305,6837034,Alexina
hotradish,Male Human,7082,6837802,Alexina
Nivya,Female Human,30206,6844837,Alexina
Bllush,Female Human,23807,6845611,Alexina
Slurper+Alexina,Male Human,1223,6845831,Alexina
Solairias,Male Human,35050,6850831,Alexina
Styyren,Male Human,14542,6856699,Alexina
Dougie1,Male Human,5260,6860756,Alexina
Izzytizzles,Female Elf,21030,6862882,Alexina
Hogh,Female Giant,53092,6864357,Alexina
Blackslavery,Female Human,5212,6865099,Alexina
Liveseeker,Female Human,47589,6872739,Alexina
Linnyster,Male Human,47512,6875401,Alexina
Velvetmabin,Female Human,9698,6877219,Alexina
Asteraria,Female Human,10987,6882272,Alexina
Ewecastorage,Female Human,5375,6885686,Alexina
Zerg89,Female Human,5082,6891658,Alexina
Zerg79,Female Human,5007,6891679,Alexina
Marshmewwos,Female Elf,18421,6893565,Alexina
Sanzibear,Female Human,13438,6894455,Alexina
Bankai,Male Giant,28996,6896622,Alexina
takebackyoyo,Male Giant,35882,6898791,Alexina
Ajest,Female Human,29699,6902895,Alexina
Ayasushi,Female Elf,40343,6906613,Alexina
Hikka90,Female Elf,46504,6909508,Alexina
Doggledor,Male Giant,24681,6913924,Alexina
Enchantables,Female Elf,37526,6915736,Alexina
sakuyomi+Alexina,Female Elf,27030,6919706,Alexina
Venadine,Female Human,34462,6922220,Alexina
Behren,Male Human,23731,6922532,Alexina
Pussykaat,Female Human,15348,6923273,Alexina
Learadoll,Female Elf,27513,6924715,Alexina
Steelyz,,,6924818,Alexina
SCARLITWITCH,Female Human,1715,6932314,Alexina
Sakurayuriko,Female Elf,8110,6932824,Alexina
Goktin,Male Human,24244,6935670,Alexina
Destroyall+Alexina,Female Human,16752,6940843,Alexina
Axilia+Alexina,,,6945915,Alexina
Moisturiser,Male Elf,17384,6946910,Alexina
Klancain,Male Human,8320,6950369,Alexina
ZXSOULXZ,Male Human,7557,6952694,Alexina
Ninean,Female Elf,25417,6953301,Alexina
Suppressive,Male Human,40735,6954611,Alexina
Bitternut,Male Giant,22517,6956654,Alexina
GGTertle,Male Human,44647,6957696,Alexina
Godlydevil,Male Human,20668,6960748,Alexina
Pikmin,Male Elf,31720,6964646,Alexina
Valonet,Female Human,6024,6967798,Alexina
spookykibby,Female Elf,9762,6972083,Alexina
Nomzu,Female Human,43615,6973533,Alexina
Daremochan,Female Human,7186,6975441,Alexina
Milletianace,Male Human,25659,6975682,Alexina
Ladytrix,Female Human,5015,6977648,Alexina
Michikami,Female Human,45256,6987160,Alexina
ethermoney3,Female Elf,311,6987211,Alexina
ethermoney5,Female Elf,277,6987213,Alexina
ethermoney7,Female Elf,273,6987216,Alexina
Nalcian+Alexina,Male Human,9370,6993234,Alexina
Belkana,Female Giant,51997,6997299,Alexina
Travaran,Male Elf,21828,6999227,Alexina
IImogen,Female Elf,15157,6999681,Alexina
Konatsuu,Female Human,13442,7001104,Alexina
Jagetsu,Male Giant,43290,7003894,Alexina
Chaosqveen,,,7004709,Alexina
Trepidatious,Male Human,50686,7005477,Alexina
Kyrsina,Female Human,34860,7007488,Alexina
Koopalock,Male Human,29442,7007982,Alexina
Wombocumbo,Male Giant,23880,7009251,Alexina
Nigokos,Female Human,34351,7009580,Alexina
mainstrmelf,Female Elf,4329,7010651,Alexina
Ligma,Male Human,25414,7012623,Alexina
IHorror,Male Human,30,7014068,Alexina
Rosalisea,Female Human,4142,7015097,Alexina
Kiyoke,Male Human,24621,7016551,Alexina
Snohu,,,7017806,Alexina
Levono,Male Elf,32402,7020215,Alexina
Meellah,Female Human,9840,7021209,Alexina
Weizt,,,7023341,Alexina
omgarmyonces,,,7024942,Alexina
Kaloula,Female Human,6882,7025777,Alexina
Raizze,Female Elf,26197,7027904,Alexina
Zaendre,Female Human,25441,7028605,Alexina
Batton,Female Human,26398,7029302,Alexina
Kajouayame,Female Human,49325,7031621,Alexina
Abegail,Male Human,25497,7031982,Alexina
Zylah,Female Elf,9611,7034340,Alexina
Kyshe+Alexina,Female Giant,5122,7036613,Alexina
Aoi999,Female Human,3339,7041465,Alexina
Pokanedios,,,7041528,Alexina
Returnsonly,Female Giant,3183,7044163,Alexina
Kogascythe,Male Giant,8503,7049599,Alexina
Luzn,Female Elf,24502,7052603,Alexina
Yunokoo,Female Elf,33005,7052608,Alexina
Elonianeko,,,7052920,Alexina
Firebolt100,Female Human,34223,7054031,Alexina
mokkudaddy,Male Human,52012,7055770,Alexina
jhsgfjgskdfj,Male Giant,16928,7058498,Alexina
Scarletpaws,Female Elf,42809,7062981,Alexina
Amainoa,,,7064192,Alexina
Kimroku,,,7064765,Alexina
Tomeh,Male Human,41691,7064887,Alexina
ACousin,Female Elf,7447,7065212,Alexina
Kuraizen,Male Human,49520,7069970,Alexina
Kuriwoo,Female Human,54502,7069971,Alexina
Domosusu,Male Human,21007,7073569,Alexina
Myxx+Alexina,Female Human,7661,7078586,Alexina
Tabbyall,Female Elf,22391,7080529,Alexina
Khrizantema,Female Giant,6827,7081032,Alexina
ppikachu,Female Human,3567,7082203,Alexina
Dhanuraashi,Female Elf,6499,7082793,Alexina
Chiikoneko,Female Human,9499,7082979,Alexina
WFH,Male Human,1048,7083440,Alexina
Mejiwoo,Female Human,25607,7084840,Alexina
Lieai,Female Human,52161,7085479,Alexina
Ranyia,Female Elf,28086,7088542,Alexina
Jebbee,Male Human,28858,7089470,Alexina
Kurusuu,Female Human,21790,7089916,Alexina
Elloise44,,,7091394,Alexina
Eilesis,Female Human,6350,7093123,Alexina
Gummipunk,Female Human,21466,7098001,Alexina
larasany,Female Human,19093,7101355,
Bakjan,Female Elf,625,7102736,Erinn
Keytree,Female Human,15560,7102749,Erinn
Equalibris,Female Human,8809,7105813,Erinn
Kayh,Male Human,5101,7108767,Erinn
Novaesia,Female Elf,14880,7110335,Erinn
everoesea,Female Elf,10986,7110875,Erinn
Sohmi,Male Human,49371,7112970,Erinn
Aeronknight,Female Human,3244,7114716,Erinn
CIammie,Female Human,12847,7115686,Erinn
Propagator,Female Human,7173,7117233,Erinn
FTX,Male Giant,32851,7117444,Erinn
Nellyrkelly,,,7118299,Erinn
Smoke,,,7118940,Erinn
Remkochan,,,7121607,Erinn
Jeo01,Male Human,32498,7123406,Erinn
Brymal,Female Elf,32658,7124792,Erinn
Lillyadams,Female Giant,6355,7125309,Erinn
Ghuddag,Male Giant,24877,7125879,Erinn
Daesuni,,,7125923,Erinn
EIdrin,Male Elf,15157,7126301,Erinn
Way+Alexina,Female Human,51094,7126807,Erinn
Urmos,,,7127338,Erinn
Lululee,Female Elf,11506,7127602,Erinn
Eschalotte,Female Elf,30450,7127865,Erinn
applesauceyo,Female Human,567,7128631,Erinn
Sucralosie,Female Giant,32318,7128920,Erinn
Genshinganyu,Female Human,23689,7129260,Erinn
Sweetmints+Alexina,Female Elf,10725,7130200,Erinn
smexyserves,Male Human,2683,7131463,Erinn
Anabellaa,Female Elf,23676,7132118,Erinn
Tatvie,Male Elf,5394,7132329,Erinn
Notledamus,,,7133778,Erinn
Anubis25,Male Giant,26530,7134415,Erinn
Ixtap,Female Giant,29081,7134555,Erinn
Sushibee,Female Human,20485,7135689,Erinn
Spewks+Alexina,Male Giant,12634,7136193,Erinn
charlottiee+Alexina,,,7136287,Erinn
Turdlesoup+Alexina,Female Human,5091,7137242,Erinn
Fugchiggen,Female Human,5146,7137243,Erinn
Jackeyhate,Female Human,5058,7137244,Erinn
Pleaseask+Alexina,Female Human,5032,7137246,Erinn
Saibooboo,Male Human,5094,7137247,Erinn
Viperfails09,Male Human,5095,7137248,Erinn
Meguwhale,Male Human,1798,7137249,Erinn
Perseuslance,Male Human,2826,7137250,Erinn
Zenjra,Male Human,29034,7138763,Erinn
Fraliella,Female Human,14473,7139281,Erinn
Biaciance,Male Human,16732,7139537,Erinn
Aeosoth,Female Human,15596,7140107,Erinn
Jaggerspark,Male Giant,44265,7140996,Erinn
ILeah,Female Human,1069,7141149,Erinn
Vuthos,Male Giant,6948,7141832,Erinn
Gaminggirl,,,7143692,Erinn
Veritee,,,8480104,Erinn
Lynn,Female Elf,35261,8480951,Erinn
Xiamori,Male Human,3295,8494574,Erinn
tongcw,Male Human,2233,8496299,Erinn
Bellriver,Male Human,9453,8504144,Erinn
Kaerou,Male Human,5717,8526092,Erinn
Starsteps,Female Human,1223,8526246,Erinn
Leduq,Male Giant,29333,8526508,Erinn
Ivyemberwing,,,8550221,Erinn
Queenanthy,Female Elf,20361,8550228,Erinn
uxii,,,8562048,Erinn
Emotionalist,Male Human,22817,8565157,Erinn
Eubis,Male Human,33385,8571445,Erinn
Rabbiteater,Male Giant,25535,8573365,Erinn
Undedhelaron,Male Elf,8241,8583874,Erinn
centipede2,Female Elf,1567,8585071,Erinn
Icedbrew,Male Elf,3065,8600061,Erinn
Corinoza,Female Elf,21889,8602521,Erinn
chickenfalls,Male Human,30433,8609402,Erinn
Evannocturn,Male Human,2106,8612218,Erinn
Impotssible,Female Human,586,8617414,Erinn
Shinobu49,Female Human,33408,8622323,Erinn
Brahime,Female Giant,463,8626977,Erinn
IMD,Female Giant,37670,8633295,Erinn
exhaustedone,Male Human,24477,8635538,Erinn
Pokan,,,8637289,Erinn
Neslie,Female Human,7443,8639362,Erinn
Zephylist,Male Elf,5812,8639427,Erinn
Dimwat,Female Human,2052,8642818,Erinn
Tuahe,Female Human,34123,8643567,Erinn
Hetua,Male Human,28888,8652775,Erinn
Nuuco,Male Giant,30108,8653292,Erinn
Giolnora,Female Giant,266,8657043,Erinn
Schlapnater,Male Giant,266,8657049,Erinn
Eboytoes,Female Human,1381,8662049,Erinn
Nokace,Female Human,29860,8675301,Erinn
JCDWehttam,Male Human,33909,8682177,Erinn
Lustitsul,Female Giant,3764,8682561,Erinn
Earendel,Male Elf,32788,8685466,Erinn
Noureesh,Male Human,23128,8687312,Erinn
Yunze,Female Elf,76,8692594,Erinn
Mekatorax,Male Human,11096,8696499,Erinn
eviltomhanks,Female Human,36430,8696688,Erinn
OAQ,Male Giant,41790,8698249,Erinn
Nyxbreak,Female Giant,22504,8708658,Erinn
Drpsychobos,Male Human,1185,8710920,Erinn
Fabelf,Female Elf,28762,8713796,Erinn
Gemmaretta,Female Human,10332,8723077,Erinn
Lolamayhem64,,,8727877,Erinn
Ebichiri,,,8731949,Erinn
Warctoling,Female Human,4599,8732806,Erinn
Filly,,,8736226,Erinn
Crocodoge,Female Human,24125,8737593,Erinn
Arciellia,,,8741168,Erinn
Veskathe,,,8741668,Erinn
Etude,,,8743321,Erinn
GPA,Male Elf,10732,8746168,Erinn
Cassinius,Female Human,7957,8747478,Erinn
Lunarins,Female Giant,11809,8747483,Erinn
Legenterry1,Female Elf,28136,8747492,Erinn
zazasirpuff,Male Human,9841,8748735,Erinn
Nuttuk,Male Elf,6727,8750874,Erinn
Finalie,,,8753522,Erinn
Quietude,Female Elf,1348,8755315,Erinn
renyoi,Male Human,53,8756823,Erinn
Cativa,Female Giant,24365,8768209,Erinn
Raimeiru,Female Elf,32118,8777252,Erinn
Rizalith,Female Giant,28549,8794052,Erinn
Haztyr,Male Human,34877,8795485,Erinn
Alukai,,,8808139,Erinn
Ayutari,Female Human,11108,8808397,Erinn
Persillus,Female Elf,281,8812102,Erinn
Poshbrainshe,,,8812356,Erinn
SBN,Female Human,25259,8812454,Erinn
Cerrias,Female Human,7075,8815788,Erinn
Yewlius,Male Human,21853,8824310,Erinn
Dung6666,Female Elf,74,8836842,Erinn
Briar,Male Human,267,8837992,Erinn
Quenby,Female Human,265,8837993,Erinn
Lunahina,Female Elf,33051,8844559,Erinn
Merchantmain,Male Human,1441,8845536,Erinn
Elliemisu,Female Human,33295,8852078,Erinn
Dinonuggetz,,,8860334,Erinn
Kiralight1,Male Human,7265,8861964,Erinn
Tinkatuff,Female Giant,10587,8862940,Erinn
Soqu,Female Elf,7317,8863728,Erinn
Copped,Female Human,7428,8863766,Erinn
Sunlightgirl,Female Human,4489,8865272,Erinn
Brownaykitty,Male Human,11436,8866335,Erinn
Tanukiokuma,Male Human,8846,8868259,Erinn
Dallaria,,,8868512,Erinn
Inkeizoudai,Male Giant,22094,8869807,Erinn
vdo,Male Elf,16719,8871385,Erinn
Kabukimono,Male Human,2582,8871507,Erinn
Baoyibao,Female Human,24139,8871562,Erinn
Tablekat,Female Elf,101,8876278,Erinn
Kamuimugi,Female Elf,97,8876286,Erinn
Chotochoto,Female Elf,93,8876291,Erinn
Elendail,,,8879853,Erinn
Liamhillwood,Male Human,4358,8879894,Erinn
Vancopeme,Male Human,33941,8885232,Erinn
Novadeer,Male Human,31413,8893933,Erinn
adlina,Female Human,8450,8894256,Erinn
Rynithor,Male Human,7226,8897748,Erinn
Muddy123,Female Elf,23363,8898215,Erinn
Leberblume,Female Human,127,8899274,Erinn
Nerudasoy,Male Human,2363,8899385,Erinn
Nosoymapache,Male Human,2268,8899717,Erinn
Kage,Male Human,9570,8904427,Erinn
Ottergirl,Female Human,10645,8905395,Erinn
Lankali,Male Giant,28775,8907413,Erinn
Honestwhale,Female Elf,23539,8909411,Erinn
Cynthiaceles,Female Human,25891,8910177,Erinn
Rudolfw,,,8910916,Erinn
Toastermain,Female Giant,5613,8914001,Erinn
Luterran,Male Human,4952,8917608,Erinn
Owjo,Male Giant,32,8917664,Erinn
Vulchantro,Male Giant,32,8917667,Erinn
Condarie,Female Giant,40,8917671,Erinn
Ravigo,Male Giant,32,8917673,Erinn
Lijreo,Male Giant,32,8917675,Erinn
Parroila,Female Giant,32,8917761,Erinn
Toucisto,Male Giant,40,8917763,Erinn
Larkava,Female Giant,40,8917764,Erinn
Thrunoda,Male Giant,32,8917768,Erinn
Sirrich,Male Elf,83,8918955,Erinn
Alflara,Female Giant,32,8919419,Erinn
Plainyoga,Female Giant,2260,8919600,Erinn
Potatoehead,Female Giant,549,8921153,Erinn
Leavemetoit,Female Giant,548,8921177,Erinn
wowzeryouher,Female Giant,548,8921188,Erinn
Laviscadne,Female Giant,28,8921293,Erinn
Lapuider,Male Giant,32,8921517,Erinn
Labrineo,Male Human,32,8923494,Erinn
Larimis,Male Human,40,8923496,Erinn
Lapidolo,Male Human,43,8923497,Erinn
Magnesiol,Male Human,36,8923508,Erinn
Moldisia,Female Human,40,8923510,Erinn
Mistoki,Male Human,40,8923511,Erinn
Tourmile,Male Human,32,8923512,Erinn
Uravohi,Male Human,28,8923513,Erinn
Nodle20,Male Giant,23296,8926861,Erinn
Quuku,,,8935277,Erinn
Musclecone,Female Elf,933,8946193,Erinn
Twixmania,Female Elf,272,8947835,Erinn
Khalhobo,Male Giant,7145,8955157,Erinn
Mahoneko,Female Elf,12378,8955502,Erinn
Sepori,Male Human,2275,8956824,Erinn
Hweyn,Male Human,730,8956843,Erinn
Beullaegoli,Male Human,15156,8958582,Erinn
Jujubee787,Female Elf,68,8970055,Erinn
Neapophis,Male Human,24752,8976571,Erinn
Lolbitfnaf,Female Human,9492,8976696,Erinn
Floydtwiligh,Male Human,158,8979148,Erinn
Bobflipper,Male Elf,10337,8979813,Erinn
Wavebody,Female Elf,21482,8980124,Erinn
MRHappyhappy,Male Human,4734,8983500,Erinn
Mew23324,,,8984345,Erinn
Adorka,Female Human,13865,8989382,Erinn
Magnussen,Male Human,23700,8995315,Erinn
thechefman,Male Human,54,8996170,Erinn
Squareupfam,,,8999034,Erinn
Lonebastion,Male Human,5839,9001699,Erinn
Charlyn,Female Elf,5272,9002443,Erinn
Angelate,Female Elf,10704,9003204,Erinn
Kaiwen1,Male Human,8271,9012864,Erinn
Aniseastra,Female Elf,5718,9013793,Erinn
Neailstra,Female Human,10257,9015715,Erinn
Creamsoda,,,9016904,Erinn
plutoss,Female Elf,10268,9017580,Erinn
Euphoriagod,Male Elf,9667,9020069,Erinn
shorume,Female Human,6197,9020148,Erinn
Harmony88,Female Human,205,9021060,Erinn
Xoxono,Female Elf,4671,9025561,Erinn
TTOOTT,Female Elf,19294,9025735,Erinn
Riceone,Male Elf,1570,9026872,Erinn
pocrash,Female Giant,2016,9027570,Erinn
FIoaroma,Male Human,8478,9028730,Erinn
renpaichan,Female Elf,7346,9028923,Erinn
FINALdancer,Male Human,9238,9030641,Erinn
Mistela,Female Human,10484,9030807,Erinn
cometgoldie,Male Human,7167,9030959,Erinn
thispeace,Male Human,9252,9031018,Erinn
Meinyann,Female Elf,5092,9031141,Erinn
Kuromiee,Female Human,62,9031786,Erinn
sadcompadre,Male Human,1864,9032345,Erinn
Terrorblyat,,,9032699,Erinn
Zenitsuma,Male Human,8349,9032822,Erinn
Lothelodias,Male Elf,6416,9032882,Erinn
Alzii,Female Elf,6498,9033737,Erinn
Kristenmlp,Female Elf,32,9033748,Erinn
kuroyce,Female Human,2201,9033768,Erinn
Lordmiquella,Male Human,9202,9036592,Erinn
Paulplumber,Male Human,9455,9036776,Erinn
Karull,Male Human,3788,9036909,Erinn
lilbe02,Female Human,1181,9037110,Erinn
Solaorbit,Female Elf,462,9037112,Erinn
Vampyrchik,Male Human,2075,9037276,Erinn
Qyuutee,Male Elf,709,9037553,Erinn
Sensational,Male Elf,1383,9038221,Erinn
Inamalla,Female Giant,8431,9038628,Erinn
ZApdiddy,Female Giant,2280,9039456,Erinn
Whollydivine,Male Human,16,9039518,Erinn
Stareyshina,Male Giant,7258,9039707,Erinn
Varrig,Male Human,8402,9039855,Erinn
Archaizz,Female Human,5156,9040358,Erinn
Saurgonasc,Male Giant,3830,9040478,Erinn
Estriox,Female Elf,270,9040849,Erinn
Furriest,Female Human,6,9040976,Erinn
Tartou,Female Giant,6156,9041100,Erinn
Mianpams,Female Elf,5053,9041291,Erinn
Esseldi,Male Elf,9224,9041667,Erinn
Xavila,Male Human,2681,9042079,Erinn
Rhavirn,Male Elf,2088,9042137,Erinn
Robbyfoxtaur,Male Human,4935,9042350,Erinn
Xermedes,Male Human,1365,9042661,Erinn
Megnar,Male Giant,1790,9042672,Erinn
megaracist,Male Human,9237,9042780,Erinn
Drenov,Male Giant,470,9043008,Erinn
Baubas,Male Giant,2246,9044203,Erinn
Talanthe,Female Human,2280,9044482,Erinn
Azerlain,Male Elf,903,9044668,Erinn
Blitzabee,Male Human,1157,9044757,Erinn
Zolor,Male Giant,1821,9044805,Erinn
sdfsdfreg,Female Human,1,9045155,Erinn
Queerebate,Female Human,5128,9045346,Erinn
Katieheals,Female Elf,237,9045428,Erinn
Pyrendia,Female Human,675,9045533,Erinn
Mershluraqck,Female Human,8211,9045670,Erinn
Tensheeto,Male Elf,1348,9045835,Erinn
hjhki6,Female Human,1,9045939,Erinn
Starofdawn,Male Human,903,9046048,Erinn
Takagisakura,Female Human,2470,9046330,Erinn
Ragolishan,Male Elf,1148,9046703,Erinn
tgbg5,Female Human,1,9047225,Erinn
Darkdan,Male Human,24,9047533,Erinn
rgertrhrjy,Female Human,1,9047541,Erinn
Viersolis,Male Elf,248,9047911,Erinn